庚	n. das Alter
龄	n. das Alter, Jahre
岁数	n. das Alter, das Lebensjahr
年龄	n. das Alter, das Lebensalter
老伴儿	n. das Alter, die Alte (Bezeichnung für einen Ehepartner)
溶胶	n. das Sol
戏精	n. die Dramaqueen
馋猫	n. die Naschkatze
醋精	n. die Essigessenz
午餐肉	n. das Frühstücksfleisch
爵床	n. der Akanthus
英羽球	n. der Federball
湖滨	n. das Seeufer
独幕剧	n. der Einakter
升麻	n. das Wanzenkraut
垫脚石	n. das Sprungbrett
天灵盖	n. das Schädeldach
益母草	n. das Mutterkraut
廊檐	n. das Vordach
炮筒子	n. das Kanonenrohr
复句	n. das Satzgefüge
猯	n. das Wildschwein
蛀牙	n. die Karies
沙姆	n. die Scham
平房	n. der Bungalow
戈贝	n. die Kopeke
话痨	n. die Quasselstrippe
瞌睡虫	n. die Schlafmütze
牌子的	n. die Marke
闲职	n. die Sinekure
鳊鱼	n. die Brasse
牁	n. die Anlegestelle
汆子	n. die Schöpfkelle
蛴螬	n. der Engerling
瀱	n. das Quellwasser
马弁	n. die Ordonnanz
卡普	n. das Kap
广角	n. das Weitwinkel
可丽饼	n. der Crêpe, bretonischer Eierkuchen
法式煎饼	n. der Crêpe
薄饼卷	n. der Crêpe
凉凉送	v. (Netzjargon) jdn. links liegen lassen, ignorieren
凉送给	v. (Netzjargon) jdn. links liegen lassen, ignorieren
奈特·沙马兰	n. M. Night Shyamalan
大千世界无奇不有	Es gibt nichts auf der Welt, was es nicht gibt.
U盘	n. der Memory Stick
李俊基	Lee, Jun-Gi (südkoreanischer Schauspieler)
李多海	Lee, Da-Hae (südkoreanische Schauspielerin)
釜山	Busan (Stadt in Südkorea)
韩元	Won (Währungssymbol ₩; die südkoreanische Währungseinheit)
本法	n. dieses Gesetz
司农	n. der Landwirtschaftsminister
金藏	n. der Goldschatz
㑊	n. der Eigenname
仫	n. der Eigenname
哃	n. der Eigenname
垿	n. der Eigenname
岜	n. der Eigenname
岠	n. der Eigenname
峂	n. der Eigenname
峗	n. der Eigenname
峛	n. der Eigenname
峧	n. der Eigenname
峿	n. der Eigenname
嵫	n. der Eigenname
嶅	n. der Eigenname
旵	n. der Eigenname
昈	n. der Eigenname
柖	n. der Eigenname
栐	n. der Eigenname
槜	n. der Eigenname
洓	n. der Eigenname
洭	n. der Eigenname
浲	n. der Eigenname
涄	n. der Eigenname
溚	n. der Eigenname
溵	n. der Eigenname
漋	n. der Eigenname
漹	n. der Eigenname
珢	n. der Eigenname
畖	n. der Eigenname
盷	n. der Eigenname
碃	n. der Eigenname
碈	n. der Eigenname
碨	n. der Eigenname
磏	n. der Eigenname
禒	n. der Eigenname
胣	n. der Eigenname
脿	n. der Eigenname
芠	n. der Eigenname
茋	n. der Eigenname
茺	n. der Eigenname
茽	n. der Eigenname
莶	n. der Eigenname
邿	n. der Eigenname
鄑	n. der Eigenname
𠅤	n. der Eigenname
𠙶	n. der Eigenname
𡎚	n. der Eigenname
𡐓	n. der Eigenname
𤫉	n. der Eigenname
𥔲	n. der Eigenname
𥕢	n. der Eigenname
𥖨	n. der Eigenname
𥻗	n. der Eigenname
𦈡	n. der Eigenname
𦒍	n. der Eigenname
𦙶	n. der Eigenname
𦝼	n. der Eigenname
𦭜	n. der Eigenname
𦰡	n. der Eigenname
𧿹	n. der Eigenname
𨐈	n. der Eigenname
𨙸	n. der Eigenname
𨚕	n. der Eigenname
𨟠	n. der Eigenname
𨭉	n. der Eigenname
𨱇	n. der Eigenname
𨱏	n. der Eigenname
𨱑	n. der Eigenname
𨱔	n. der Eigenname
𫑡	n. der Eigenname
𫓯	n. der Eigenname
𫓶	n. der Eigenname
𫓹	n. der Eigenname
𫔍	n. der Eigenname
𫖮	n. der Eigenname
𫖯	n. der Eigenname
𫞩	n. der Eigenname
𫟅	n. der Eigenname
𫟦	n. der Eigenname
𫟹	n. der Eigenname
𫟼	n. der Eigenname
𫠆	n. der Eigenname
𫠊	n. der Eigenname
𫠜	n. der Eigenname
𫢸	n. der Eigenname
𫫇	n. der Eigenname
𫭟	n. der Eigenname
𫭢	n. der Eigenname
𫭼	n. der Eigenname
𫮃	n. der Eigenname
𫰛	n. der Eigenname
𫵷	n. der Eigenname
𫶇	n. der Eigenname
𫷷	n. der Eigenname
𫸩	n. der Eigenname
𬀩	n. der Eigenname
𬀪	n. der Eigenname
𬂩	n. der Eigenname
𬃊	n. der Eigenname
𬇕	n. der Eigenname
𬇙	n. der Eigenname
𬇹	n. der Eigenname
𬉼	n. der Eigenname
𬊈	n. der Eigenname
𬊤	n. der Eigenname
冷血动物	n. der Kaltblüter, wechselwarmes Tier
徭	n. der Frondienst, die Zwangsarbeit
羊皮纸	n. das Pergament
鲋	n. die Karausche
腹足类	n. der Gastropode
